Address,SIM2::INSTR
AutoImpedance,High-Z
AutoRange,Off
AutoZero,Off
Firmware Version,
Measurement,DC Voltage
Model,34461A
NPLC,1.0
NullState,On
NullValue(VDC),0.0
Range(VDC),10.0
Resolution,0.0
Sample Count,15
Serial Number,Simulated2
Start Time,2026-09-14 21:41:36.710340
Stop Time,2026-09-14 22:09:36.834705
TriggerAutoDelay,1
TriggerCount,1
TriggerDelay,0.0
TriggerSlope,Negative
TriggerSource,Immediate

Time Stamp(s),Records,DC Voltage (VDC),
2026-09-14 21:41:36.710340,1,0.898027575761,
2026-09-14 21:43:36.719430,2,0.904157123908,
2026-09-14 21:45:36.731051,3,0.912048557214,
2026-09-14 21:47:36.747657,4,0.922065927899,
2026-09-14 21:49:36.759853,5,0.929197090365,
2026-09-14 21:51:36.762643,6,0.930928393117,
2026-09-14 21:53:36.764942,7,0.932071112458,
2026-09-14 21:55:36.771812,8,0.93599811353,
2026-09-14 21:57:36.780698,9,0.940880768954,
2026-09-14 21:59:36.785108,10,0.943512164028,
2026-09-14 22:01:36.799346,11,0.950569940416,
2026-09-14 22:03:36.810515,12,0.955793014798,
2026-09-14 22:05:36.814829,13,0.957621645958,
2026-09-14 22:07:36.825962,14,0.962455236454,
2026-09-14 22:09:36.834705,15,0.966196331282,
